ID,Event,Year,Applied,Participating,Gender,Nationality,How many w++ events attended previously?,Hours dedicated to the event,Member of which Team,,,
1,deployimpact,2018,1,1,1,Switzerland,0,22,Team6,,1,female
2,hnl,2018,1,1,1,Switzerland,0,18,Team7,,2,male
3,hnl,2018,1,1,1,Switzerland,0,23,Team8,,0,other
4,hnl,2018,1,1,1,Switzerland,0,30,Team9,,,
5,hnl,2018,1,1,1,Switzerland,0,26,Team10,,,
6,hnl,2018,1,1,1,Switzerland,0,30,Team11,,,
7,hnl,2018,1,1,1,Switzerland,0,18,Team12,,,
8,hnl,2018,1,1,1,Switzerland,0,24,Team1,,,
9,hnl,2018,1,1,1,Switzerland,0,21,Team2,,,
10,hnl,2018,1,1,1,Switzerland,0,22,Team3,,,
11,hnl,2018,1,1,1,Switzerland,0,24,Team4,,,
12,hnl,2018,1,1,1,Switzerland,0,27,Team5,,,
13,hnl,2018,1,1,1,Switzerland,0,19,Team6,,,
14,hnl,2018,1,1,1,Switzerland,0,29,Team7,,,
15,hnl,2018,1,1,1,Switzerland,0,20,Team8,,,
16,hnl,2018,1,1,1,Switzerland,0,25,Team9,,,
17,hnl,2018,1,1,1,Switzerland,0,24,Team10,,,
18,hnl,2018,1,1,1,Switzerland,0,21,Team11,,,
19,hnl,2018,1,1,1,Switzerland,0,20,Team12,,,
20,hnl,2018,1,1,1,Switzerland,0,22,Team1,,,
21,hnl,2018,1,1,1,Switzerland,0,19,Team2,,,
22,hnl,2018,1,1,1,Switzerland,0,27,Team3,,,
23,hnl,2018,1,1,1,Switzerland,0,29,Team4,,,
24,hnl,2018,1,1,1,Switzerland,0,16,Team5,,,
25,hnl,2018,1,1,1,Switzerland,0,30,Team6,,,
26,hnl,2018,1,1,1,Switzerland,0,25,Team7,,,
27,hnl,2018,1,1,1,Switzerland,0,23,Team8,,,
28,hnl,2018,1,1,1,Switzerland,0,23,Team9,,,
29,hnl,2018,1,1,1,Switzerland,0,29,Team10,,,
30,hnl,2018,1,1,1,Switzerland,0,30,Team11,,,
31,hnl,2018,1,1,1,Switzerland,0,19,Team12,,,
32,hnl,2018,1,1,1,Switzerland,0,27,Team1,,,
33,hnl,2018,1,1,1,Switzerland,0,16,Team2,,,
34,hnl,2018,1,1,1,Switzerland,0,19,Team3,,,
35,hnl,2018,1,1,1,Switzerland,0,22,Team4,,,
36,hnl,2018,1,1,1,Switzerland,0,16,Team5,,,
37,hnl,2018,1,1,1,Switzerland,1,23,Team6,,,
38,hnl,2018,1,1,1,Switzerland,2,22,Team7,,,
39,hnl,2018,1,1,1,Switzerland,2,24,Team8,,,
40,hnl,2018,1,1,1,Switzerland,2,30,Team9,,,
41,hnl,2018,1,1,1,Switzerland,1,24,Team10,,,
42,hnl,2018,1,1,1,Switzerland,1,23,Team11,,,
43,hnl,2018,1,1,1,Italy,1,16,Team12,,,
44,hnl,2018,1,1,1,Italy,1,21,Team1,,,
45,hnl,2018,1,1,1,Italy,1,24,Team2,,,
46,hnl,2018,1,1,1,Germany,2,19,Team3,,,
47,hnl,2018,1,1,1,Germany,1,24,Team4,,,
48,hnl,2018,1,1,1,Germany,1,22,Team5,,,
49,hnl,2018,1,1,1,Germany,1,24,Team6,,,
50,hnl,2018,1,1,1,Germany,1,30,Team7,,,
51,hnl,2018,1,1,1,Other,1,28,Team8,,,
52,hnl,2018,1,1,1,Other,1,26,Team9,,,
53,hnl,2018,1,1,1,France,1,16,Team10,,,
54,hnl,2018,1,1,1,France,1,26,Team11,,,
55,hnl,2018,1,1,1,France,1,21,Team12,,,
56,hnl,2018,1,1,1,Italy,1,22,Team1,,,
57,hnl,2018,1,1,0,Italy,1,25,Team2,,,
58,hnl,2018,1,1,0,France,1,19,Team3,,,
59,hnl,2018,1,1,2,Italy,1,28,Team4,,,
60,hnl,2018,1,1,2,Other,1,22,Team5,,,
61,hnl,2018,1,0,2,Other,0,0,N/A,,,
62,hnl,2018,1,0,2,Other,0,0,N/A,,,
63,hnl,2018,1,0,2,Other,0,0,N/A,,,
64,hnl,2018,1,0,1,Other,0,0,N/A,,,
65,hnl,2018,1,0,1,Germany,0,0,N/A,,,
66,hnl,2018,1,0,1,Germany,0,0,N/A,,,
67,hnl,2018,1,0,1,Switzerland,0,0,N/A,,,
68,hnl,2018,1,0,1,Switzerland,0,0,N/A,,,
69,hnl,2018,1,0,1,Switzerland,0,0,N/A,,,
70,hnl,2018,1,0,1,Switzerland,1,0,N/A,,,
71,hnl,2019,1,1,1,Switzerland,0,25,Team8,,,
72,hnl,2019,1,1,1,Switzerland,0,21,Team9,,,
73,hnl,2019,1,1,1,Switzerland,0,23,Team10,,,
74,hnl,2019,1,1,1,Switzerland,0,30,Team11,,,
75,hnl,2019,1,1,1,Switzerland,0,19,Team12,,,
76,hnl,2019,1,1,1,Switzerland,0,28,Team13,,,
77,hnl,2019,1,1,1,Switzerland,0,23,Team14,,,
78,hnl,2019,1,1,1,Switzerland,0,18,Team15,,,
79,hnl,2019,1,1,1,Italy,0,26,Team16,,,
80,hnl,2019,1,1,1,Italy,0,23,Team1,,,
81,hnl,2019,1,1,1,Italy,0,22,Team2,,,
82,hnl,2019,1,1,1,Italy,0,27,Team3,,,
83,hnl,2019,1,1,1,Italy,0,27,Team4,,,
84,hnl,2019,1,1,1,Switzerland,0,25,Team5,,,
85,hnl,2019,1,1,1,Switzerland,0,23,Team6,,,
86,hnl,2019,1,1,1,Switzerland,0,22,Team7,,,
87,hnl,2019,1,1,1,Switzerland,0,30,Team8,,,
88,hnl,2019,1,1,1,Switzerland,0,23,Team9,,,
89,hnl,2019,1,1,1,Switzerland,0,21,Team10,,,
90,hnl,2019,1,1,1,Switzerland,0,18,Team11,,,
91,hnl,2019,1,1,1,Switzerland,0,27,Team12,,,
92,hnl,2019,1,1,1,Switzerland,0,19,Team13,,,
93,hnl,2019,1,1,1,Switzerland,0,26,Team14,,,
94,hnl,2019,1,1,1,Switzerland,0,25,Team15,,,
95,hnl,2019,1,1,1,Switzerland,0,22,Team16,,,
96,hnl,2019,1,1,1,Switzerland,0,29,Team1,,,
97,hnl,2019,1,1,1,Switzerland,0,21,Team2,,,
98,hnl,2019,1,1,1,Switzerland,0,16,Team3,,,
99,hnl,2019,1,1,1,Switzerland,0,30,Team4,,,
100,hnl,2019,1,1,1,Switzerland,0,20,Team5,,,
101,hnl,2019,1,1,1,Switzerland,0,30,Team6,,,
102,hnl,2019,1,1,1,Switzerland,0,22,Team7,,,
103,hnl,2019,1,1,1,Switzerland,0,19,Team8,,,
104,hnl,2019,1,1,1,Switzerland,0,23,Team9,,,
105,hnl,2019,1,1,1,Switzerland,0,28,Team10,,,
106,hnl,2019,1,1,1,Switzerland,0,16,Team11,,,
107,hnl,2019,1,1,1,Switzerland,0,21,Team12,,,
108,hnl,2019,1,1,1,Switzerland,0,30,Team13,,,
109,hnl,2019,1,1,1,Switzerland,0,25,Team14,,,
110,hnl,2019,1,1,1,Switzerland,0,20,Team15,,,
111,hnl,2019,1,1,1,Switzerland,0,19,Team16,,,
112,hnl,2019,1,1,1,Switzerland,0,28,Team1,,,
113,hnl,2019,1,1,1,Switzerland,0,16,Team2,,,
114,hnl,2019,1,1,1,France,0,30,Team3,,,
115,hnl,2019,1,1,1,France,0,27,Team4,,,
116,hnl,2019,1,1,1,France,0,25,Team5,,,
117,hnl,2019,1,1,1,France,0,22,Team6,,,
118,hnl,2019,1,1,1,France,0,30,Team7,,,
119,hnl,2019,1,1,1,France,0,23,Team8,,,
120,hnl,2019,1,1,1,France,0,25,Team9,,,
121,hnl,2019,1,1,1,France,0,23,Team10,,,
122,hnl,2019,1,1,1,France,0,30,Team11,,,
123,hnl,2019,1,1,1,France,0,21,Team12,,,
124,hnl,2019,1,1,1,France,0,25,Team13,,,
125,hnl,2019,1,1,1,France,0,21,Team14,,,
126,hnl,2019,1,1,1,Switzerland,0,30,Team15,,,
127,hnl,2019,1,1,1,Switzerland,0,30,Team16,,,
128,hnl,2019,1,1,1,Switzerland,0,22,Team1,,,
129,hnl,2019,1,1,1,Switzerland,0,21,Team2,,,
130,hnl,2019,1,1,1,Switzerland,0,24,Team3,,,
131,hnl,2019,1,1,1,Switzerland,0,21,Team4,,,
132,hnl,2019,1,1,1,Switzerland,0,30,Team5,,,
133,hnl,2019,1,1,1,Germany,0,25,Team6,,,
134,hnl,2019,1,1,1,Germany,0,25,Team7,,,
135,hnl,2019,1,1,1,Germany,0,28,Team8,,,
136,hnl,2019,1,1,1,Germany,0,25,Team9,,,
137,hnl,2019,1,1,1,Germany,0,23,Team10,,,
138,hnl,2019,1,1,1,Germany,0,25,Team11,,,
139,hnl,2019,1,1,1,Germany,1,22,Team12,,,
140,hnl,2019,1,1,1,Switzerland,1,25,Team13,,,
141,hnl,2019,1,1,1,Switzerland,1,25,Team14,,,
142,hnl,2019,1,1,1,Switzerland,1,20,Team15,,,
143,hnl,2019,1,1,1,Switzerland,1,21,Team16,,,
144,hnl,2019,1,1,1,Switzerland,1,22,Team1,,,
145,hnl,2019,1,1,1,Switzerland,1,29,Team2,,,
146,hnl,2019,1,1,2,Switzerland,1,21,Team3,,,
147,hnl,2019,1,1,2,Switzerland,2,22,Team4,,,
148,hnl,2019,1,1,2,Switzerland,2,30,Team5,,,
149,hnl,2019,1,1,2,Switzerland,2,17,Team6,,,
150,hnl,2019,1,1,0,Switzerland,2,23,Team7,,,
151,hnl,2019,1,0,1,Switzerland,2,0,N/A,,,
152,hnl,2019,1,0,1,Switzerland,2,0,N/A,,,
153,hnl,2019,1,0,1,Switzerland,2,0,N/A,,,
154,hnl,2019,1,0,1,Switzerland,2,0,N/A,,,
155,hnl,2019,1,0,1,Germany,1,0,N/A,,,
156,hnl,2019,1,0,1,Switzerland,1,0,N/A,,,
157,hnl,2019,1,0,1,Switzerland,1,0,N/A,,,
158,hnl,2019,1,0,1,Switzerland,1,0,N/A,,,
159,hnl,2019,1,0,1,Switzerland,1,0,N/A,,,
160,hnl,2019,1,0,1,Switzerland,1,0,N/A,,,
161,hnl,2019,1,0,1,Switzerland,1,0,N/A,,,
162,hnl,2019,1,0,1,Switzerland,1,0,N/A,,,
163,hnl,2019,1,0,1,Switzerland,1,0,N/A,,,
164,hnl,2019,1,0,1,Switzerland,1,0,N/A,,,
165,hnl,2019,1,0,1,Other,1,0,N/A,,,
166,hnl,2019,1,0,1,Other,1,0,N/A,,,
167,hnl,2019,1,0,1,Switzerland,1,0,N/A,,,
168,hnl,2019,1,0,1,Other,1,0,N/A,,,
169,hnl,2019,1,0,1,Switzerland,1,0,N/A,,,
170,hnl,2019,1,0,1,Other,1,0,N/A,,,
171,hnl,2019,1,0,1,Switzerland,1,0,N/A,,,
172,hnl,2019,1,0,1,Other,1,0,N/A,,,
173,hnl,2019,1,0,1,Switzerland,1,0,N/A,,,
174,hnl,2019,1,0,1,Switzerland,1,0,N/A,,,
175,hnl,2019,1,0,1,Switzerland,0,0,N/A,,,
176,hnl,2019,1,0,1,Switzerland,0,0,N/A,,,
177,hnl,2019,1,0,1,Switzerland,0,0,N/A,,,
178,hnl,2019,1,0,1,Switzerland,0,0,N/A,,,
179,hnl,2019,1,0,1,France,0,0,N/A,,,
180,hnl,2019,1,0,1,France,0,0,N/A,,,
181,hnl,2019,1,0,1,France,0,0,N/A,,,
182,hnl,2019,1,0,1,France,0,0,N/A,,,
183,hnl,2019,1,0,1,Germany,0,0,N/A,,,
184,hnl,2019,1,0,1,Germany,0,0,N/A,,,
185,hnl,2019,1,0,1,Germany,0,0,N/A,,,
186,hnl,2019,1,0,1,Germany,0,0,N/A,,,
187,hnl,2019,1,0,2,Italy,0,0,N/A,,,
188,hnl,2019,1,0,2,Italy,0,0,N/A,,,
189,hnl,2019,1,0,2,Italy,0,0,N/A,,,
190,hnl,2019,1,0,0,Italy,0,0,N/A,,,
191,hnl,2023,1,1,1,Switzerland,0,28,Team18,,,
192,hnl,2023,1,1,1,Switzerland,0,26,Team19,,,
193,hnl,2023,1,1,1,Switzerland,0,24,Team20,,,
194,hnl,2023,1,1,1,Switzerland,0,26,Team21,,,
195,hnl,2023,1,1,1,Switzerland,0,21,Team22,,,
196,hnl,2023,1,1,1,Switzerland,0,24,Team23,,,
197,hnl,2023,1,1,1,Switzerland,0,21,Team24,,,
198,hnl,2023,1,1,1,Switzerland,0,30,Team10,,,
199,hnl,2023,1,1,1,Switzerland,0,29,Team11,,,
200,hnl,2023,1,1,1,Switzerland,0,27,Team12,,,
201,hnl,2023,1,1,1,Switzerland,0,20,Team13,,,
202,hnl,2023,1,1,1,Switzerland,0,20,Team14,,,
203,hnl,2023,1,1,1,Switzerland,0,25,Team15,,,
204,hnl,2023,1,1,1,Switzerland,0,27,Team16,,,
205,hnl,2023,1,1,1,Switzerland,0,30,Team17,,,
206,hnl,2023,1,1,1,Switzerland,0,25,Team1,,,
207,hnl,2023,1,1,1,Switzerland,0,30,Team2,,,
208,hnl,2023,1,1,1,Switzerland,0,30,Team3,,,
209,hnl,2023,1,1,1,Switzerland,0,23,Team4,,,
210,hnl,2023,1,1,1,Switzerland,0,24,Team5,,,
211,hnl,2023,1,1,1,Switzerland,0,25,Team6,,,
212,hnl,2023,1,1,1,Switzerland,0,17,Team7,,,
213,hnl,2023,1,1,1,Switzerland,0,20,Team8,,,
214,hnl,2023,1,1,1,Switzerland,2,16,Team9,,,
215,hnl,2023,1,1,1,Switzerland,2,30,Team18,,,
216,hnl,2023,1,1,1,Switzerland,2,28,Team19,,,
217,hnl,2023,1,1,1,Switzerland,2,28,Team20,,,
218,hnl,2023,1,1,1,Switzerland,2,30,Team21,,,
219,hnl,2023,1,1,1,Switzerland,2,21,Team22,,,
220,hnl,2023,1,1,1,Switzerland,2,22,Team23,,,
221,hnl,2023,1,1,1,Switzerland,2,18,Team24,,,
222,hnl,2023,1,1,1,Switzerland,2,27,Team10,,,
223,hnl,2023,1,1,1,Switzerland,2,24,Team11,,,
224,hnl,2023,1,1,1,Switzerland,2,18,Team12,,,
225,hnl,2023,1,1,1,Switzerland,2,30,Team13,,,
226,hnl,2023,1,1,1,Switzerland,3,24,Team14,,,
227,hnl,2023,1,1,1,Switzerland,3,25,Team15,,,
228,hnl,2023,1,1,1,Switzerland,3,30,Team16,,,
229,hnl,2023,1,1,1,Switzerland,0,24,Team17,,,
230,hnl,2023,1,1,1,Switzerland,0,29,Team1,,,
231,hnl,2023,1,1,1,Switzerland,0,21,Team2,,,
232,hnl,2023,1,1,1,Switzerland,0,23,Team3,,,
233,hnl,2023,1,1,1,Switzerland,0,22,Team4,,,
234,hnl,2023,1,1,1,Switzerland,0,16,Team5,,,
235,hnl,2023,1,1,1,Switzerland,0,22,Team6,,,
236,hnl,2023,1,1,1,Switzerland,0,25,Team7,,,
237,hnl,2023,1,1,1,Switzerland,0,20,Team8,,,
238,hnl,2023,1,1,1,Switzerland,0,25,Team9,,,
239,hnl,2023,1,1,1,Switzerland,0,25,Team18,,,
240,hnl,2023,1,1,1,Switzerland,0,22,Team19,,,
241,hnl,2023,1,1,1,Switzerland,0,30,Team20,,,
242,hnl,2023,1,1,1,Switzerland,0,26,Team21,,,
243,hnl,2023,1,1,1,Switzerland,0,20,Team22,,,
244,hnl,2023,1,1,1,Switzerland,0,27,Team23,,,
245,hnl,2023,1,1,1,Switzerland,0,28,Team24,,,
246,hnl,2023,1,1,1,Switzerland,0,24,Team10,,,
247,hnl,2023,1,1,1,Switzerland,0,22,Team11,,,
248,hnl,2023,1,1,1,Switzerland,0,20,Team12,,,
249,hnl,2023,1,1,1,Switzerland,0,26,Team13,,,
250,hnl,2023,1,1,1,Switzerland,0,24,Team14,,,
251,hnl,2023,1,1,1,Switzerland,0,22,Team15,,,
252,hnl,2023,1,1,1,Switzerland,0,28,Team16,,,
253,hnl,2023,1,1,1,Switzerland,0,27,Team17,,,
254,hnl,2023,1,1,1,Switzerland,0,30,Team1,,,
255,hnl,2023,1,1,1,Switzerland,0,16,Team2,,,
256,hnl,2023,1,1,1,Switzerland,0,24,Team3,,,
257,hnl,2023,1,1,1,Switzerland,1,25,Team4,,,
258,hnl,2023,1,1,1,Switzerland,1,20,Team5,,,
259,hnl,2023,1,1,1,Switzerland,1,27,Team6,,,
260,hnl,2023,1,1,1,Switzerland,1,22,Team7,,,
261,hnl,2023,1,1,1,Switzerland,1,30,Team8,,,
262,hnl,2023,1,1,1,Switzerland,1,21,Team9,,,
263,hnl,2023,1,1,1,Switzerland,1,23,Team18,,,
264,hnl,2023,1,1,1,Switzerland,1,24,Team19,,,
265,hnl,2023,1,1,1,Switzerland,1,28,Team20,,,
266,hnl,2023,1,1,1,Switzerland,1,16,Team21,,,
267,hnl,2023,1,1,1,Switzerland,1,16,Team22,,,
268,hnl,2023,1,1,1,Switzerland,1,24,Team23,,,
269,hnl,2023,1,1,1,Switzerland,1,28,Team24,,,
270,hnl,2023,1,1,1,Switzerland,0,21,Team10,,,
271,hnl,2023,1,1,1,Germany,0,22,Team11,,,
272,hnl,2023,1,1,1,Germany,0,30,Team12,,,
273,hnl,2023,1,1,1,Germany,0,25,Team13,,,
274,hnl,2023,1,1,1,Germany,0,27,Team14,,,
275,hnl,2023,1,1,1,Germany,0,23,Team15,,,
276,hnl,2023,1,1,1,Germany,0,27,Team16,,,
277,hnl,2023,1,1,1,Germany,0,23,Team17,,,
278,hnl,2023,1,1,1,Germany,0,27,Team1,,,
279,hnl,2023,1,1,1,Germany,0,22,Team2,,,
280,hnl,2023,1,1,1,Other,0,30,Team3,,,
281,hnl,2023,1,1,1,Other,0,20,Team4,,,
282,hnl,2023,1,1,1,Other,0,20,Team5,,,
283,hnl,2023,1,1,1,Other,0,24,Team6,,,
284,hnl,2023,1,1,1,Other,0,26,Team7,,,
285,hnl,2023,1,1,1,Other,0,23,Team8,,,
286,hnl,2023,1,1,1,Other,0,16,Team9,,,
287,hnl,2023,1,1,1,Other,0,24,Team18,,,
288,hnl,2023,1,1,1,France,0,29,Team19,,,
289,hnl,2023,1,1,1,France,0,23,Team20,,,
290,hnl,2023,1,1,1,France,0,18,Team21,,,
291,hnl,2023,1,1,1,France,0,29,Team22,,,
292,hnl,2023,1,1,1,France,0,29,Team23,,,
293,hnl,2023,1,1,1,France,0,28,Team24,,,
294,hnl,2023,1,1,1,France,0,24,Team10,,,
295,hnl,2023,1,1,2,France,0,19,Team11,,,
296,hnl,2023,1,1,2,France,0,30,Team12,,,
297,hnl,2023,1,1,2,France,0,30,Team13,,,
298,hnl,2023,1,1,2,Italy,0,20,Team14,,,
299,hnl,2023,1,1,2,Italy,0,27,Team15,,,
300,hnl,2023,1,1,1,Italy,0,20,Team16,,,
301,hnl,2023,1,1,1,Italy,0,25,Team17,,,
302,hnl,2023,1,1,1,Italy,0,30,Team1,,,
303,hnl,2023,1,1,1,Italy,0,24,Team2,,,
304,hnl,2023,1,1,2,Italy,0,26,Team3,,,
305,hnl,2023,1,1,0,Italy,0,23,Team4,,,
306,hnl,2023,1,1,0,Germany,0,18,Team5,,,
307,hnl,2023,1,1,1,Germany,0,24,Team6,,,
308,hnl,2023,1,1,1,Germany,0,30,Team7,,,
309,hnl,2023,1,1,1,Germany,0,30,Team8,,,
310,hnl,2023,1,1,0,Germany,1,25,Team9,,,
311,hnl,2023,1,0,1,Switzerland,0,0,N/A,,,
312,hnl,2023,1,0,1,Switzerland,0,0,N/A,,,
313,hnl,2023,1,0,1,Switzerland,0,0,N/A,,,
314,hnl,2023,1,0,1,Switzerland,0,0,N/A,,,
315,hnl,2023,1,0,1,Switzerland,0,0,N/A,,,
316,hnl,2023,1,0,1,Switzerland,0,0,N/A,,,
317,hnl,2023,1,0,1,Switzerland,1,0,N/A,,,
318,hnl,2023,1,0,1,Switzerland,1,0,N/A,,,
319,hnl,2023,1,0,1,Switzerland,1,0,N/A,,,
320,hnl,2023,1,0,1,Switzerland,1,0,N/A,,,
321,hnl,2023,1,0,1,Switzerland,1,0,N/A,,,
322,hnl,2023,1,0,1,Switzerland,1,0,N/A,,,
323,hnl,2023,1,0,1,Switzerland,1,0,N/A,,,
324,hnl,2023,1,0,1,Switzerland,1,0,N/A,,,
325,hnl,2023,1,0,1,Switzerland,1,0,N/A,,,
326,hnl,2023,1,0,1,Switzerland,1,0,N/A,,,
327,hnl,2023,1,0,1,Switzerland,1,0,N/A,,,
328,hnl,2023,1,0,1,Switzerland,1,0,N/A,,,
329,hnl,2023,1,0,1,Switzerland,1,0,N/A,,,
330,hnl,2023,1,0,1,Switzerland,1,0,N/A,,,
331,hnl,2023,1,0,1,Switzerland,1,0,N/A,,,
332,hnl,2023,1,0,1,Switzerland,1,0,N/A,,,
333,hnl,2023,1,0,1,Switzerland,2,0,N/A,,,
334,hnl,2023,1,0,1,Switzerland,2,0,N/A,,,
335,hnl,2023,1,0,1,Switzerland,2,0,N/A,,,
336,hnl,2023,1,0,1,Switzerland,2,0,N/A,,,
337,hnl,2023,1,0,1,Switzerland,2,0,N/A,,,
338,hnl,2023,1,0,1,Switzerland,2,0,N/A,,,
339,hnl,2023,1,0,1,Switzerland,2,0,N/A,,,
340,hnl,2023,1,0,1,Switzerland,0,0,N/A,,,
341,hnl,2023,1,0,1,Switzerland,0,0,N/A,,,
342,hnl,2023,1,0,1,Switzerland,0,0,N/A,,,
343,hnl,2023,1,0,1,Switzerland,0,0,N/A,,,
344,hnl,2023,1,0,1,Switzerland,0,0,N/A,,,
345,hnl,2023,1,0,1,Switzerland,0,0,N/A,,,
346,hnl,2023,1,0,1,Switzerland,0,0,N/A,,,
347,hnl,2023,1,0,0,Switzerland,0,0,N/A,,,
348,hnl,2023,1,0,0,Switzerland,0,0,N/A,,,
349,hnl,2023,1,0,0,Switzerland,0,0,N/A,,,
350,hnl,2023,1,0,2,Switzerland,0,0,N/A,,,
351,hnl,2023,1,0,2,Switzerland,0,0,N/A,,,
352,hnl,2023,1,0,2,Switzerland,0,0,N/A,,,
353,hnl,2023,1,0,2,Switzerland,0,0,N/A,,,
354,hnl,2023,1,0,1,Switzerland,0,0,N/A,,,
355,hnl,2023,1,0,1,Switzerland,3,0,N/A,,,
356,hnl,2023,1,0,1,Switzerland,3,0,N/A,,,
357,hnl,2023,1,0,1,Germany,0,0,N/A,,,
358,hnl,2023,1,0,1,Germany,0,0,N/A,,,
359,hnl,2023,1,0,1,Germany,0,0,N/A,,,
360,hnl,2023,1,0,1,France,0,0,N/A,,,
361,hnl,2023,1,0,1,France,0,0,N/A,,,
362,hnl,2023,1,0,1,France,0,0,N/A,,,
363,hnl,2023,1,0,1,France,0,0,N/A,,,
364,hnl,2023,1,0,1,France,0,0,N/A,,,
365,hnl,2023,1,0,1,France,0,0,N/A,,,
366,hnl,2023,1,0,1,Other,0,0,N/A,,,
367,hnl,2023,1,0,1,Other,0,0,N/A,,,
368,hnl,2023,1,0,1,Italy,0,0,N/A,,,
369,hnl,2023,1,0,1,Italy,0,0,N/A,,,
370,hnl,2023,1,0,1,Italy,0,0,N/A,,,
371,deployimpact,2023,1,1,1,France,0,63,Team1,,,
372,deployimpact,2023,1,1,1,France,0,62,Team2,,,
373,deployimpact,2023,1,1,1,France,0,56,Team3,,,
374,deployimpact,2023,1,1,1,France,0,82,Team4,,,
375,deployimpact,2023,1,1,1,France,0,65,Team5,,,
376,deployimpact,2023,1,1,1,France,0,106,Team6,,,
377,deployimpact,2023,1,1,1,France,0,40,Team7,,,
378,deployimpact,2023,1,1,1,France,1,63,Team8,,,
379,deployimpact,2023,1,1,1,Germany,0,37,Team9,,,
380,deployimpact,2023,1,1,1,Germany,1,67,Team10,,,
381,deployimpact,2023,1,1,1,Germany,0,47,Team11,,,
382,deployimpact,2023,1,1,1,Germany,0,71,Team12,,,
383,deployimpact,2023,1,1,1,Germany,0,25,Team13,,,
384,deployimpact,2023,1,1,1,Germany,0,28,Team14,,,
385,deployimpact,2023,1,1,1,Germany,2,32,Team15,,,
386,deployimpact,2023,1,1,1,Germany,0,90,Team16,,,
387,deployimpact,2023,1,1,1,Germany,1,71,Team17,,,
388,deployimpact,2023,1,1,1,Germany,0,87,Team18,,,
389,deployimpact,2023,1,1,1,Germany,0,104,Team19,,,
390,deployimpact,2023,1,1,1,Switzerland,0,51,Team20,,,
391,deployimpact,2023,1,1,1,Switzerland,0,70,Team21,,,
392,deployimpact,2023,1,1,1,Switzerland,0,41,Team22,,,
393,deployimpact,2023,1,1,1,Switzerland,0,67,Team23,,,
394,deployimpact,2023,1,1,1,Switzerland,1,88,Team24,,,
395,deployimpact,2023,1,1,1,Switzerland,0,50,Team25,,,
396,deployimpact,2023,1,1,1,Switzerland,0,40,Team1,,,
397,deployimpact,2023,1,1,1,Switzerland,0,60,Team2,,,
398,deployimpact,2023,1,1,1,Switzerland,0,52,Team3,,,
399,deployimpact,2023,1,1,1,Switzerland,0,16,Team4,,,
400,deployimpact,2023,1,1,1,Switzerland,0,81,Team5,,,
401,deployimpact,2023,1,1,1,Switzerland,0,68,Team6,,,
402,deployimpact,2023,1,1,1,Switzerland,0,63,Team7,,,
403,deployimpact,2023,1,1,1,Switzerland,0,47,Team8,,,
404,deployimpact,2023,1,1,1,Switzerland,0,71,Team9,,,
405,deployimpact,2023,1,1,1,Switzerland,0,45,Team10,,,
406,deployimpact,2023,1,1,1,Switzerland,0,67,Team11,,,
407,deployimpact,2023,1,1,1,Switzerland,0,36,Team12,,,
408,deployimpact,2023,1,1,1,Switzerland,0,39,Team13,,,
409,deployimpact,2023,1,1,1,Switzerland,0,50,Team14,,,
410,deployimpact,2023,1,1,1,Switzerland,0,53,Team15,,,
411,deployimpact,2023,1,1,1,Switzerland,0,39,Team16,,,
412,deployimpact,2023,1,1,1,Switzerland,0,93,Team17,,,
413,deployimpact,2023,1,1,1,Switzerland,0,58,Team18,,,
414,deployimpact,2023,1,1,1,Switzerland,1,110,Team25,,,
415,deployimpact,2023,1,1,1,Switzerland,0,59,Team20,,,
416,deployimpact,2023,1,1,1,Switzerland,0,67,Team21,,,
417,deployimpact,2023,1,1,1,Switzerland,0,25,Team22,,,
418,deployimpact,2023,1,1,1,Switzerland,0,66,Team23,,,
419,deployimpact,2023,1,1,1,Switzerland,0,91,Team24,,,
420,deployimpact,2023,1,1,1,Switzerland,0,57,Team25,,,
421,deployimpact,2023,1,1,1,Switzerland,0,42,Team1,,,
422,deployimpact,2023,1,1,1,Switzerland,0,16,Team2,,,
423,deployimpact,2023,1,1,1,Switzerland,0,73,Team3,,,
424,deployimpact,2023,1,1,1,Switzerland,0,83,Team4,,,
425,deployimpact,2023,1,1,1,Switzerland,2,60,Team5,,,
426,deployimpact,2023,1,1,1,Switzerland,0,64,Team6,,,
427,deployimpact,2023,1,1,0,Switzerland,0,59,Team7,,,
428,deployimpact,2023,1,1,0,Switzerland,0,47,Team8,,,
429,deployimpact,2023,1,1,2,Switzerland,0,55,Team9,,,
430,deployimpact,2023,1,1,2,Switzerland,0,26,Team10,,,
431,deployimpact,2023,1,1,2,Switzerland,0,94,Team11,,,
432,deployimpact,2023,1,1,2,Switzerland,0,22,Team12,,,
433,deployimpact,2023,1,1,2,Switzerland,0,23,Team13,,,
434,deployimpact,2023,1,1,1,Switzerland,0,74,Team14,,,
435,deployimpact,2023,1,1,1,Switzerland,0,55,Team15,,,
436,deployimpact,2023,1,1,1,Switzerland,0,69,Team16,,,
437,deployimpact,2023,1,1,1,Switzerland,0,62,Team17,,,
438,deployimpact,2023,1,1,1,Switzerland,0,110,Team18,,,
439,deployimpact,2023,1,1,1,Switzerland,0,39,Team19,,,
440,deployimpact,2023,1,1,1,Switzerland,0,57,Team20,,,
441,deployimpact,2023,1,1,1,Switzerland,0,73,Team21,,,
442,deployimpact,2023,1,1,1,Switzerland,0,77,Team25,,,
443,deployimpact,2023,1,1,1,Switzerland,0,89,Team23,,,
444,deployimpact,2023,1,1,1,Switzerland,0,63,Team24,,,
445,deployimpact,2023,1,1,2,Switzerland,0,56,Team25,,,
446,deployimpact,2023,1,1,2,Switzerland,0,90,Team1,,,
447,deployimpact,2023,1,1,2,Switzerland,0,47,Team2,,,
448,deployimpact,2023,1,1,2,Switzerland,0,16,Team3,,,
449,deployimpact,2023,1,1,2,Switzerland,0,61,Team4,,,
450,deployimpact,2023,1,1,2,Switzerland,0,77,Team5,,,
451,deployimpact,2023,1,1,2,Switzerland,0,43,Team6,,,
452,deployimpact,2023,1,1,2,Switzerland,0,61,Team7,,,
453,deployimpact,2023,1,1,2,Switzerland,0,16,Team8,,,
454,deployimpact,2023,1,1,0,Switzerland,0,56,Team9,,,
455,deployimpact,2023,1,1,0,Switzerland,0,83,Team10,,,
456,deployimpact,2023,1,1,1,Switzerland,0,30,Team11,,,
457,deployimpact,2023,1,1,1,Switzerland,0,60,Team12,,,
458,deployimpact,2023,1,1,1,Switzerland,0,27,Team13,,,
459,deployimpact,2023,1,1,1,Switzerland,0,71,Team14,,,
460,deployimpact,2023,1,1,1,Switzerland,0,77,Team15,,,
461,deployimpact,2023,1,1,1,Switzerland,0,87,Team16,,,
462,deployimpact,2023,1,1,1,Switzerland,0,26,Team17,,,
463,deployimpact,2023,1,1,1,Switzerland,1,60,Team18,,,
464,deployimpact,2023,1,1,1,Switzerland,0,84,Team19,,,
465,deployimpact,2023,1,1,1,Other,0,59,Team20,,,
466,deployimpact,2023,1,1,1,Other,0,67,Team21,,,
467,deployimpact,2023,1,1,1,Other,0,33,Team22,,,
468,deployimpact,2023,1,1,1,Other,0,66,Team23,,,
469,deployimpact,2023,1,1,1,Other,0,94,Team25,,,
470,deployimpact,2023,1,1,1,Other,0,52,Team25,,,
471,deployimpact,2023,1,0,1,Switzerland,0,0,N/A,,,
472,deployimpact,2023,1,0,1,Switzerland,0,0,N/A,,,
473,deployimpact,2023,1,0,1,Switzerland,0,0,N/A,,,
474,deployimpact,2023,1,0,1,Switzerland,0,0,N/A,,,
475,deployimpact,2023,1,0,1,Switzerland,0,0,N/A,,,
476,deployimpact,2023,1,0,1,Switzerland,0,0,N/A,,,
477,deployimpact,2023,1,0,1,Switzerland,0,0,N/A,,,
478,deployimpact,2023,1,0,1,Switzerland,0,0,N/A,,,
479,deployimpact,2023,1,0,1,Switzerland,0,0,N/A,,,
480,deployimpact,2023,1,0,1,Switzerland,0,0,N/A,,,
481,deployimpact,2023,1,0,1,Switzerland,0,0,N/A,,,
482,deployimpact,2023,1,0,1,Switzerland,0,0,N/A,,,
483,deployimpact,2023,1,0,1,Switzerland,0,0,N/A,,,
484,deployimpact,2023,1,0,1,Switzerland,0,0,N/A,,,
485,deployimpact,2023,1,0,1,Switzerland,0,0,N/A,,,
486,deployimpact,2023,1,0,1,Switzerland,0,0,N/A,,,
487,deployimpact,2023,1,0,1,Switzerland,0,0,N/A,,,
488,deployimpact,2023,1,0,1,Switzerland,0,0,N/A,,,
489,deployimpact,2023,1,0,1,Switzerland,0,0,N/A,,,
490,deployimpact,2023,1,0,1,Switzerland,0,0,N/A,,,
491,deployimpact,2023,1,0,1,Switzerland,0,0,N/A,,,
492,deployimpact,2023,1,0,1,Switzerland,0,0,N/A,,,
493,deployimpact,2023,1,0,1,Switzerland,0,0,N/A,,,
494,deployimpact,2023,1,0,1,Switzerland,0,0,N/A,,,
495,deployimpact,2023,1,0,1,Switzerland,0,0,N/A,,,
496,deployimpact,2023,1,0,1,Switzerland,0,0,N/A,,,
497,deployimpact,2023,1,0,1,Switzerland,0,0,N/A,,,
498,deployimpact,2023,1,0,1,Switzerland,0,0,N/A,,,
499,deployimpact,2023,1,0,1,Switzerland,0,0,N/A,,,
500,deployimpact,2023,1,0,1,Switzerland,0,0,N/A,,,
501,deployimpact,2023,1,0,1,Switzerland,0,0,N/A,,,
502,deployimpact,2023,1,0,1,Switzerland,0,0,N/A,,,
503,deployimpact,2023,1,0,1,Switzerland,0,0,N/A,,,
504,deployimpact,2023,1,0,1,Switzerland,0,0,N/A,,,
505,deployimpact,2023,1,0,1,Switzerland,0,0,N/A,,,
506,deployimpact,2023,1,0,1,Switzerland,0,0,N/A,,,
507,deployimpact,2023,1,0,1,Switzerland,0,0,N/A,,,
508,deployimpact,2023,1,0,1,Switzerland,0,0,N/A,,,
509,deployimpact,2023,1,0,1,Switzerland,0,0,N/A,,,
510,deployimpact,2023,1,0,1,Switzerland,0,0,N/A,,,
511,deployimpact,2023,1,0,1,Switzerland,0,0,N/A,,,
512,deployimpact,2023,1,0,1,Switzerland,0,0,N/A,,,
513,deployimpact,2023,1,0,1,Switzerland,0,0,N/A,,,
514,deployimpact,2023,1,0,1,Switzerland,0,0,N/A,,,
515,deployimpact,2023,1,0,1,Switzerland,0,0,N/A,,,
516,deployimpact,2023,1,0,1,Switzerland,0,0,N/A,,,
517,deployimpact,2023,1,0,1,Switzerland,0,0,N/A,,,
518,deployimpact,2023,1,0,1,Switzerland,0,0,N/A,,,
519,deployimpact,2023,1,0,1,Switzerland,0,0,N/A,,,
520,deployimpact,2023,1,0,1,Switzerland,0,0,N/A,,,
521,deployimpact,2023,1,0,1,Switzerland,0,0,N/A,,,
522,deployimpact,2023,1,0,1,Switzerland,0,0,N/A,,,
523,deployimpact,2023,1,0,1,Switzerland,0,0,N/A,,,
524,deployimpact,2023,1,0,1,Switzerland,0,0,N/A,,,
525,deployimpact,2023,1,0,1,Switzerland,0,0,N/A,,,
526,deployimpact,2023,1,0,1,Switzerland,0,0,N/A,,,
527,deployimpact,2023,1,0,1,Switzerland,0,0,N/A,,,
528,deployimpact,2023,1,0,1,Switzerland,0,0,N/A,,,
529,deployimpact,2023,1,0,1,Switzerland,0,0,N/A,,,
530,deployimpact,2023,1,0,1,Switzerland,0,0,N/A,,,
531,deployimpact,2023,1,0,1,Switzerland,0,0,N/A,,,
532,deployimpact,2023,1,0,1,Switzerland,0,0,N/A,,,
533,deployimpact,2023,1,0,1,Switzerland,0,0,N/A,,,
534,deployimpact,2023,1,0,1,Switzerland,0,0,N/A,,,
535,deployimpact,2023,1,0,1,Switzerland,0,0,N/A,,,
536,deployimpact,2023,1,0,1,Switzerland,0,0,N/A,,,
537,deployimpact,2023,1,0,1,Switzerland,0,0,N/A,,,
538,deployimpact,2023,1,0,1,Switzerland,0,0,N/A,,,
539,deployimpact,2023,1,0,1,Switzerland,0,0,N/A,,,
540,deployimpact,2023,1,0,1,Switzerland,0,0,N/A,,,
541,deployimpact,2023,1,0,1,Switzerland,0,0,N/A,,,
542,deployimpact,2023,1,0,1,Switzerland,0,0,N/A,,,
543,deployimpact,2023,1,0,1,Switzerland,0,0,N/A,,,
544,deployimpact,2023,1,0,1,Switzerland,0,0,N/A,,,
545,deployimpact,2023,1,0,1,Switzerland,0,0,N/A,,,
546,deployimpact,2023,1,0,1,Switzerland,0,0,N/A,,,
547,deployimpact,2023,1,0,1,Switzerland,0,0,N/A,,,
548,deployimpact,2023,1,0,1,Switzerland,0,0,N/A,,,
549,deployimpact,2023,1,0,1,Switzerland,0,0,N/A,,,
550,deployimpact,2023,1,0,1,Switzerland,0,0,N/A,,,
551,deployimpact,2023,1,0,1,Switzerland,0,0,N/A,,,
552,deployimpact,2023,1,0,1,Switzerland,0,0,N/A,,,
553,deployimpact,2023,1,0,1,Switzerland,0,0,N/A,,,
554,deployimpact,2023,1,0,1,Switzerland,0,0,N/A,,,
555,deployimpact,2023,1,0,1,Switzerland,0,0,N/A,,,
556,deployimpact,2023,1,0,1,Switzerland,0,0,N/A,,,
557,deployimpact,2023,1,0,1,Switzerland,0,0,N/A,,,
558,deployimpact,2023,1,0,1,Switzerland,0,0,N/A,,,
559,deployimpact,2023,1,0,1,Switzerland,0,0,N/A,,,
560,deployimpact,2023,1,0,1,Switzerland,0,0,N/A,,,
561,deployimpact,2023,1,0,1,Switzerland,0,0,N/A,,,
562,deployimpact,2023,1,0,1,Switzerland,0,0,N/A,,,
563,deployimpact,2023,1,0,1,Switzerland,0,0,N/A,,,
564,deployimpact,2023,1,0,1,Switzerland,0,0,N/A,,,
565,deployimpact,2023,1,0,1,Switzerland,0,0,N/A,,,
566,deployimpact,2023,1,0,1,Switzerland,0,0,N/A,,,
567,deployimpact,2023,1,0,1,Switzerland,0,0,N/A,,,
568,deployimpact,2023,1,0,1,Switzerland,0,0,N/A,,,
569,deployimpact,2023,1,0,1,Switzerland,0,0,N/A,,,
570,deployimpact,2023,1,0,1,Switzerland,0,0,N/A,,,
571,deployimpact,2023,1,0,1,Switzerland,0,0,N/A,,,
572,deployimpact,2023,1,0,1,Switzerland,0,0,N/A,,,
573,deployimpact,2023,1,0,1,Switzerland,0,0,N/A,,,
574,deployimpact,2023,1,0,1,Switzerland,0,0,N/A,,,
575,deployimpact,2023,1,0,1,Switzerland,0,0,N/A,,,
576,deployimpact,2023,1,0,1,Switzerland,0,0,N/A,,,
577,deployimpact,2023,1,0,1,Switzerland,0,0,N/A,,,
578,deployimpact,2023,1,0,1,Switzerland,0,0,N/A,,,
579,deployimpact,2023,1,0,1,Switzerland,0,0,N/A,,,
580,deployimpact,2023,1,0,1,Switzerland,0,0,N/A,,,
581,deployimpact,2023,1,0,1,Switzerland,0,0,N/A,,,
582,deployimpact,2023,1,0,1,Switzerland,0,0,N/A,,,
583,deployimpact,2023,1,0,1,Switzerland,0,0,N/A,,,
584,deployimpact,2023,1,0,1,Switzerland,0,0,N/A,,,
585,deployimpact,2023,1,0,1,Switzerland,0,0,N/A,,,
586,deployimpact,2023,1,0,1,Switzerland,0,0,N/A,,,
587,deployimpact,2023,1,0,1,Switzerland,0,0,N/A,,,
588,deployimpact,2023,1,0,1,Switzerland,0,0,N/A,,,
589,deployimpact,2023,1,0,1,Switzerland,0,0,N/A,,,
590,deployimpact,2023,1,0,1,Switzerland,0,0,N/A,,,
591,deployimpact,2023,1,0,1,Switzerland,0,0,N/A,,,
592,deployimpact,2023,1,0,1,Switzerland,0,0,N/A,,,
593,deployimpact,2023,1,0,1,Switzerland,0,0,N/A,,,
594,deployimpact,2023,1,0,1,Switzerland,0,0,N/A,,,
595,deployimpact,2023,1,0,1,Switzerland,0,0,N/A,,,
596,deployimpact,2023,1,0,1,Switzerland,0,0,N/A,,,
597,deployimpact,2023,1,0,1,Switzerland,0,0,N/A,,,
598,deployimpact,2023,1,0,1,Switzerland,0,0,N/A,,,
599,deployimpact,2023,1,0,1,Switzerland,0,0,N/A,,,
600,deployimpact,2023,1,0,1,Switzerland,0,0,N/A,,,
601,deployimpact,2023,1,0,1,Switzerland,0,0,N/A,,,
602,deployimpact,2023,1,0,1,Switzerland,0,0,N/A,,,
603,deployimpact,2023,1,0,1,Switzerland,0,0,N/A,,,
604,deployimpact,2023,1,0,1,Switzerland,0,0,N/A,,,
605,deployimpact,2023,1,0,1,Switzerland,0,0,N/A,,,
606,deployimpact,2023,1,0,1,Switzerland,0,0,N/A,,,
607,deployimpact,2023,1,0,1,Switzerland,0,0,N/A,,,
608,deployimpact,2023,1,0,1,Switzerland,0,0,N/A,,,
609,deployimpact,2023,1,0,1,Switzerland,0,0,N/A,,,
610,deployimpact,2023,1,0,1,Switzerland,0,0,N/A,,,
611,deployimpact,2023,1,0,1,Switzerland,0,0,N/A,,,
612,deployimpact,2023,1,0,1,Switzerland,0,0,N/A,,,
613,deployimpact,2023,1,0,1,Switzerland,0,0,N/A,,,
614,deployimpact,2023,1,0,1,Switzerland,0,0,N/A,,,
615,deployimpact,2023,1,0,1,Switzerland,0,0,N/A,,,
616,deployimpact,2023,1,0,1,Switzerland,0,0,N/A,,,
617,deployimpact,2023,1,0,1,Switzerland,0,0,N/A,,,
618,deployimpact,2023,1,0,1,Switzerland,0,0,N/A,,,
619,deployimpact,2023,1,0,1,Switzerland,0,0,N/A,,,
620,deployimpact,2023,1,0,1,Switzerland,0,0,N/A,,,
621,deployimpact,2023,1,0,1,Switzerland,0,0,N/A,,,
622,deployimpact,2023,1,0,1,Switzerland,0,0,N/A,,,
623,deployimpact,2023,1,0,1,Switzerland,0,0,N/A,,,
624,deployimpact,2023,1,0,1,Switzerland,0,0,N/A,,,
625,deployimpact,2023,1,0,1,Switzerland,0,0,N/A,,,
626,deployimpact,2023,1,0,1,Switzerland,0,0,N/A,,,
627,deployimpact,2023,1,0,1,Switzerland,0,0,N/A,,,
628,deployimpact,2023,1,0,1,Switzerland,0,0,N/A,,,
629,deployimpact,2023,1,0,1,Switzerland,0,0,N/A,,,
630,deployimpact,2023,1,0,1,Switzerland,0,0,N/A,,,
631,deployimpact,2023,1,0,1,Switzerland,0,0,N/A,,,
632,deployimpact,2023,1,0,1,Switzerland,0,0,N/A,,,
633,deployimpact,2023,1,0,1,Switzerland,0,0,N/A,,,
634,deployimpact,2023,1,0,1,Switzerland,0,0,N/A,,,
635,deployimpact,2023,1,0,1,Switzerland,0,0,N/A,,,
636,deployimpact,2023,1,0,1,Switzerland,0,0,N/A,,,
637,deployimpact,2023,1,0,1,Switzerland,0,0,N/A,,,
638,deployimpact,2023,1,0,1,Switzerland,0,0,N/A,,,
639,deployimpact,2023,1,0,1,Switzerland,0,0,N/A,,,
640,deployimpact,2023,1,0,1,Switzerland,0,0,N/A,,,
641,deployimpact,2023,1,0,1,Switzerland,0,0,N/A,,,
642,deployimpact,2023,1,0,1,Switzerland,0,0,N/A,,,
643,deployimpact,2023,1,0,1,Switzerland,0,0,N/A,,,
644,deployimpact,2023,1,0,1,Switzerland,0,0,N/A,,,
645,deployimpact,2023,1,0,1,Switzerland,0,0,N/A,,,
646,deployimpact,2023,1,0,1,Switzerland,0,0,N/A,,,
647,deployimpact,2023,1,0,1,Switzerland,0,0,N/A,,,
648,deployimpact,2023,1,0,1,Switzerland,0,0,N/A,,,
649,deployimpact,2023,1,0,1,Switzerland,0,0,N/A,,,
650,deployimpact,2023,1,0,1,Switzerland,0,0,N/A,,,
651,deployimpact,2023,1,0,1,Switzerland,0,0,N/A,,,
652,deployimpact,2023,1,0,1,Switzerland,0,0,N/A,,,
653,deployimpact,2023,1,0,1,Switzerland,0,0,N/A,,,
654,deployimpact,2023,1,0,1,Switzerland,0,0,N/A,,,
655,deployimpact,2023,1,0,1,Switzerland,0,0,N/A,,,
656,deployimpact,2023,1,0,1,Switzerland,0,0,N/A,,,
657,deployimpact,2023,1,0,1,Switzerland,0,0,N/A,,,
658,deployimpact,2023,1,0,1,Switzerland,0,0,N/A,,,
659,deployimpact,2023,1,0,1,Switzerland,0,0,N/A,,,
660,deployimpact,2023,1,0,1,Switzerland,0,0,N/A,,,
661,deployimpact,2023,1,0,1,Switzerland,0,0,N/A,,,
662,deployimpact,2023,1,0,1,Switzerland,0,0,N/A,,,
663,deployimpact,2023,1,0,1,Switzerland,0,0,N/A,,,
664,deployimpact,2023,1,0,1,Switzerland,0,0,N/A,,,
665,deployimpact,2023,1,0,1,Switzerland,0,0,N/A,,,
666,deployimpact,2023,1,0,1,Switzerland,0,0,N/A,,,
667,deployimpact,2023,1,0,1,Switzerland,0,0,N/A,,,
668,deployimpact,2023,1,0,1,Switzerland,0,0,N/A,,,
669,deployimpact,2023,1,0,1,Switzerland,0,0,N/A,,,
670,deployimpact,2023,1,0,1,Switzerland,0,0,N/A,,,
671,deployimpact,2023,1,0,1,Switzerland,0,0,N/A,,,
672,deployimpact,2023,1,0,1,Switzerland,0,0,N/A,,,
673,deployimpact,2023,1,0,1,Switzerland,0,0,N/A,,,
674,deployimpact,2023,1,0,1,Switzerland,0,0,N/A,,,
675,deployimpact,2023,1,0,1,Switzerland,0,0,N/A,,,
676,deployimpact,2023,1,0,1,Switzerland,0,0,N/A,,,
677,deployimpact,2023,1,0,1,Switzerland,0,0,N/A,,,
678,deployimpact,2023,1,0,1,Switzerland,0,0,N/A,,,
679,deployimpact,2023,1,0,1,Switzerland,0,0,N/A,,,
680,deployimpact,2023,1,0,1,Switzerland,0,0,N/A,,,
681,deployimpact,2023,1,0,1,Switzerland,0,0,N/A,,,
682,deployimpact,2023,1,0,1,Switzerland,0,0,N/A,,,
683,deployimpact,2023,1,0,1,Switzerland,0,0,N/A,,,
684,deployimpact,2023,1,0,1,Switzerland,0,0,N/A,,,
685,deployimpact,2023,1,0,1,Switzerland,0,0,N/A,,,
686,deployimpact,2023,1,0,1,Switzerland,0,0,N/A,,,
687,deployimpact,2023,1,0,1,Switzerland,0,0,N/A,,,
688,deployimpact,2023,1,0,1,Switzerland,0,0,N/A,,,
689,deployimpact,2023,1,0,1,Switzerland,0,0,N/A,,,
690,deployimpact,2023,1,0,1,Switzerland,0,0,N/A,,,
691,deployimpact,2023,1,0,1,Switzerland,0,0,N/A,,,
692,deployimpact,2023,1,0,1,Switzerland,0,0,N/A,,,
693,deployimpact,2023,1,0,1,Switzerland,0,0,N/A,,,
694,deployimpact,2023,1,0,1,Switzerland,0,0,N/A,,,
695,deployimpact,2023,1,0,1,Switzerland,0,0,N/A,,,
696,deployimpact,2023,1,0,1,Switzerland,0,0,N/A,,,
697,deployimpact,2023,1,0,1,Switzerland,0,0,N/A,,,
698,deployimpact,2023,1,0,1,Switzerland,0,0,N/A,,,
699,deployimpact,2023,1,0,1,Switzerland,0,0,N/A,,,
700,deployimpact,2023,1,0,1,Switzerland,0,0,N/A,,,
701,deployimpact,2023,1,0,1,Switzerland,0,0,N/A,,,
702,deployimpact,2023,1,0,1,Switzerland,0,0,N/A,,,
703,deployimpact,2023,1,0,1,Switzerland,0,0,N/A,,,
704,deployimpact,2023,1,0,1,Switzerland,0,0,N/A,,,
705,deployimpact,2023,1,0,1,Switzerland,0,0,N/A,,,
706,deployimpact,2023,1,0,1,Switzerland,0,0,N/A,,,
707,deployimpact,2023,1,0,1,Switzerland,0,0,N/A,,,
708,deployimpact,2023,1,0,1,Switzerland,0,0,N/A,,,
709,deployimpact,2023,1,0,1,Switzerland,0,0,N/A,,,
710,deployimpact,2023,1,0,1,Switzerland,0,0,N/A,,,
711,deployimpact,2023,1,0,1,Switzerland,0,0,N/A,,,
712,deployimpact,2023,1,0,1,Switzerland,0,0,N/A,,,
713,deployimpact,2023,1,0,1,Switzerland,0,0,N/A,,,
714,deployimpact,2023,1,0,1,Switzerland,0,0,N/A,,,
715,deployimpact,2023,1,0,1,Switzerland,0,0,N/A,,,
716,deployimpact,2023,1,0,1,Switzerland,0,0,N/A,,,
717,deployimpact,2023,1,0,1,Switzerland,0,0,N/A,,,
718,deployimpact,2023,1,0,1,Switzerland,0,0,N/A,,,
719,deployimpact,2023,1,0,1,Switzerland,0,0,N/A,,,
720,deployimpact,2023,1,0,1,Switzerland,0,0,N/A,,,
721,deployimpact,2023,1,0,1,Switzerland,0,0,N/A,,,
722,deployimpact,2023,1,0,1,Switzerland,0,0,N/A,,,
723,deployimpact,2023,1,0,1,Switzerland,0,0,N/A,,,
724,deployimpact,2023,1,0,1,Switzerland,0,0,N/A,,,
725,deployimpact,2023,1,0,1,Switzerland,0,0,N/A,,,
726,deployimpact,2023,1,0,1,Switzerland,0,0,N/A,,,
727,deployimpact,2023,1,0,1,Switzerland,0,0,N/A,,,
728,deployimpact,2023,1,0,1,Switzerland,0,0,N/A,,,
729,deployimpact,2023,1,0,1,Switzerland,0,0,N/A,,,
730,deployimpact,2023,1,0,1,Switzerland,0,0,N/A,,,
731,deployimpact,2023,1,0,1,Switzerland,0,0,N/A,,,
732,deployimpact,2023,1,0,1,Switzerland,0,0,N/A,,,
733,deployimpact,2023,1,0,1,Switzerland,0,0,N/A,,,
734,deployimpact,2023,1,0,1,Switzerland,0,0,N/A,,,
735,deployimpact,2023,1,0,1,Switzerland,0,0,N/A,,,
736,deployimpact,2023,1,0,1,Switzerland,0,0,N/A,,,
737,deployimpact,2023,1,0,1,Switzerland,0,0,N/A,,,
738,deployimpact,2023,1,0,1,Switzerland,0,0,N/A,,,
739,deployimpact,2023,1,0,1,Switzerland,0,0,N/A,,,
740,deployimpact,2023,1,0,1,Switzerland,0,0,N/A,,,
741,deployimpact,2023,1,0,1,Switzerland,0,0,N/A,,,
742,deployimpact,2023,1,0,1,Switzerland,0,0,N/A,,,
743,deployimpact,2023,1,0,1,Switzerland,0,0,N/A,,,
744,deployimpact,2023,1,0,1,Switzerland,0,0,N/A,,,
745,deployimpact,2023,1,0,1,Switzerland,0,0,N/A,,,
746,deployimpact,2023,1,0,1,Switzerland,0,0,N/A,,,
747,deployimpact,2023,1,0,1,Switzerland,0,0,N/A,,,
748,deployimpact,2023,1,0,1,Switzerland,0,0,N/A,,,
749,deployimpact,2023,1,0,1,Switzerland,0,0,N/A,,,
750,deployimpact,2023,1,0,1,Switzerland,0,0,N/A,,,
751,deployimpact,2023,1,0,1,Switzerland,0,0,N/A,,,
752,deployimpact,2023,1,0,1,Switzerland,0,0,N/A,,,
753,deployimpact,2023,1,0,1,Switzerland,0,0,N/A,,,
754,deployimpact,2023,1,0,1,Switzerland,0,0,N/A,,,
755,deployimpact,2023,1,0,1,Switzerland,0,0,N/A,,,
756,deployimpact,2023,1,0,1,Switzerland,0,0,N/A,,,
757,deployimpact,2023,1,0,1,Switzerland,0,0,N/A,,,
758,deployimpact,2023,1,0,1,Switzerland,0,0,N/A,,,
759,deployimpact,2023,1,0,1,Switzerland,0,0,N/A,,,
760,deployimpact,2023,1,0,1,Switzerland,0,0,N/A,,,
761,deployimpact,2023,1,0,1,Switzerland,0,0,N/A,,,
762,deployimpact,2023,1,0,1,Switzerland,0,0,N/A,,,
763,deployimpact,2023,1,0,1,Switzerland,0,0,N/A,,,
764,deployimpact,2023,1,0,1,Switzerland,0,0,N/A,,,
765,deployimpact,2023,1,0,1,Switzerland,0,0,N/A,,,
766,deployimpact,2023,1,0,1,Switzerland,0,0,N/A,,,
767,deployimpact,2023,1,0,1,Switzerland,0,0,N/A,,,
768,deployimpact,2023,1,0,1,Switzerland,0,0,N/A,,,
769,deployimpact,2023,1,0,1,Switzerland,0,0,N/A,,,
770,deployimpact,2023,1,0,1,Switzerland,0,0,N/A,,,
771,deployimpact,2023,1,0,1,Switzerland,0,0,N/A,,,
772,deployimpact,2023,1,0,1,Switzerland,0,0,N/A,,,
773,deployimpact,2023,1,0,1,Switzerland,0,0,N/A,,,
774,deployimpact,2023,1,0,1,Switzerland,0,0,N/A,,,
775,deployimpact,2023,1,0,1,Switzerland,0,0,N/A,,,
776,deployimpact,2023,1,0,1,Switzerland,0,0,N/A,,,
777,deployimpact,2023,1,0,1,Switzerland,0,0,N/A,,,
778,deployimpact,2023,1,0,1,Switzerland,0,0,N/A,,,
779,deployimpact,2023,1,0,1,Switzerland,0,0,N/A,,,
780,deployimpact,2023,1,0,1,Switzerland,0,0,N/A,,,
781,deployimpact,2023,1,0,1,Switzerland,0,0,N/A,,,
782,deployimpact,2023,1,0,1,Other,0,0,N/A,,,
783,deployimpact,2023,1,0,1,Other,0,0,N/A,,,
784,deployimpact,2023,1,0,1,Other,0,0,N/A,,,
785,deployimpact,2023,1,0,1,Other,0,0,N/A,,,
786,deployimpact,2023,1,0,1,Other,0,0,N/A,,,
787,deployimpact,2023,1,0,2,Other,0,0,N/A,,,
788,deployimpact,2023,1,0,2,Other,0,0,N/A,,,
789,deployimpact,2023,1,0,2,Other,0,0,N/A,,,
790,deployimpact,2023,1,0,2,Other,0,0,N/A,,,
791,deployimpact,2023,1,0,2,Other,0,0,N/A,,,
792,deployimpact,2023,1,0,2,Other,0,0,N/A,,,
793,deployimpact,2023,1,0,2,Germany,0,0,N/A,,,
794,deployimpact,2023,1,0,2,Germany,0,0,N/A,,,
795,deployimpact,2023,1,0,2,Germany,0,0,N/A,,,
796,deployimpact,2023,1,0,2,Germany,0,0,N/A,,,
797,deployimpact,2023,1,0,2,Germany,0,0,N/A,,,
798,deployimpact,2023,1,0,2,Germany,0,0,N/A,,,
799,deployimpact,2023,1,0,2,Germany,0,0,N/A,,,
800,deployimpact,2023,1,0,2,Germany,0,0,N/A,,,
801,deployimpact,2023,1,0,2,Germany,0,0,N/A,,,
802,deployimpact,2023,1,0,2,Germany,0,0,N/A,,,
803,deployimpact,2023,1,0,2,Germany,0,0,N/A,,,
804,deployimpact,2023,1,0,2,Germany,1,0,N/A,,,
805,deployimpact,2023,1,0,2,Germany,1,0,N/A,,,
806,deployimpact,2023,1,0,2,France,1,0,N/A,,,
807,deployimpact,2023,1,0,2,France,1,0,N/A,,,
808,deployimpact,2023,1,0,2,France,1,0,N/A,,,
809,deployimpact,2023,1,0,2,France,1,0,N/A,,,
810,deployimpact,2023,1,0,2,France,1,0,N/A,,,
811,deployimpact,2023,1,0,2,France,1,0,N/A,,,
812,deployimpact,2023,1,0,2,France,0,0,N/A,,,
813,deployimpact,2022,1,1,1,Switzerland,0,67,Team1,,,
814,deployimpact,2022,1,1,1,Switzerland,0,45,Team2,,,
815,deployimpact,2022,1,1,1,Switzerland,0,36,Team3,,,
816,deployimpact,2022,1,1,1,Switzerland,0,51,Team4,,,
817,deployimpact,2022,1,1,1,Switzerland,0,60,Team5,,,
818,deployimpact,2022,1,1,1,Switzerland,0,78,Team6,,,
819,deployimpact,2022,1,1,1,Switzerland,0,62,Team7,,,
820,deployimpact,2022,1,1,1,Switzerland,0,47,Team8,,,
821,deployimpact,2022,1,1,1,Switzerland,0,58,Team9,,,
822,deployimpact,2022,1,1,1,Switzerland,0,45,Team10,,,
823,deployimpact,2022,1,1,1,Switzerland,0,62,Team11,,,
824,deployimpact,2022,1,1,1,Switzerland,0,72,Team12,,,
825,deployimpact,2022,1,1,1,Switzerland,0,48,Team13,,,
826,deployimpact,2022,1,1,1,Switzerland,0,42,Team14,,,
827,deployimpact,2022,1,1,1,Switzerland,0,56,Team1,,,
828,deployimpact,2022,1,1,1,Switzerland,0,83,Team2,,,
829,deployimpact,2022,1,1,1,Switzerland,0,76,Team3,,,
830,deployimpact,2022,1,1,1,Switzerland,0,46,Team4,,,
831,deployimpact,2022,1,1,1,Switzerland,0,64,Team5,,,
832,deployimpact,2022,1,1,1,Switzerland,0,57,Team6,,,
833,deployimpact,2022,1,1,1,Switzerland,0,73,Team7,,,
834,deployimpact,2022,1,1,1,Switzerland,0,60,Team8,,,
835,deployimpact,2022,1,1,1,Switzerland,0,59,Team9,,,
836,deployimpact,2022,1,1,1,Switzerland,0,60,Team10,,,
837,deployimpact,2022,1,1,1,Switzerland,0,79,Team11,,,
838,deployimpact,2022,1,1,1,Switzerland,0,47,Team12,,,
839,deployimpact,2022,1,1,1,Switzerland,0,68,Team13,,,
840,deployimpact,2022,1,1,1,Switzerland,0,43,Team14,,,
841,deployimpact,2022,1,1,1,Switzerland,0,57,Team1,,,
842,deployimpact,2022,1,1,1,Italy,0,52,Team2,,,
843,deployimpact,2022,1,1,1,Italy,0,50,Team3,,,
844,deployimpact,2022,1,1,1,Italy,0,97,Team4,,,
845,deployimpact,2022,1,1,1,Italy,0,74,Team5,,,
846,deployimpact,2022,1,1,1,Germany,0,45,Team6,,,
847,deployimpact,2022,1,1,1,Germany,0,59,Team7,,,
848,deployimpact,2022,1,1,1,Germany,0,69,Team8,,,
849,deployimpact,2022,1,1,1,Germany,0,87,Team9,,,
850,deployimpact,2022,1,1,1,Other,0,42,Team10,,,
851,deployimpact,2022,1,1,1,Other,0,65,Team11,,,
852,deployimpact,2022,1,1,1,Other,0,58,Team12,,,
853,deployimpact,2022,1,1,1,Other,0,35,Team13,,,
854,deployimpact,2022,1,1,1,Other,0,49,Team14,,,
855,deployimpact,2022,1,1,1,Other,0,53,Team1,,,
856,deployimpact,2022,1,1,1,Other,2,71,Team2,,,
857,deployimpact,2022,1,1,1,Other,2,75,Team3,,,
858,deployimpact,2022,1,1,1,Switzerland,2,80,Team4,,,
859,deployimpact,2022,1,1,1,Switzerland,1,48,Team5,,,
860,deployimpact,2022,1,1,0,Switzerland,1,60,Team6,,,
861,deployimpact,2022,1,1,2,Switzerland,1,25,Team7,,,
862,deployimpact,2022,1,1,2,Switzerland,1,56,Team8,,,
863,deployimpact,2022,1,1,2,Switzerland,1,31,Team9,,,
864,deployimpact,2022,1,1,2,Switzerland,1,72,Team10,,,
865,deployimpact,2022,1,0,1,Switzerland,1,0,N/A,,,
866,deployimpact,2022,1,0,1,Switzerland,1,0,N/A,,,
867,deployimpact,2022,1,0,1,Switzerland,1,0,N/A,,,
868,deployimpact,2022,1,0,1,Switzerland,1,0,N/A,,,
869,deployimpact,2022,1,0,1,Switzerland,1,0,N/A,,,
870,deployimpact,2022,1,0,1,Switzerland,1,0,N/A,,,
871,deployimpact,2022,1,0,1,Switzerland,1,0,N/A,,,
872,deployimpact,2022,1,0,1,Switzerland,1,0,N/A,,,
873,deployimpact,2022,1,0,1,Switzerland,1,0,N/A,,,
874,deployimpact,2022,1,0,1,Switzerland,2,0,N/A,,,
875,deployimpact,2022,1,0,1,Switzerland,2,0,N/A,,,
876,deployimpact,2022,1,0,1,Switzerland,2,0,N/A,,,
877,deployimpact,2022,1,0,1,Switzerland,2,0,N/A,,,
878,deployimpact,2022,1,0,1,Switzerland,0,0,N/A,,,
879,deployimpact,2022,1,0,1,Switzerland,0,0,N/A,,,
880,deployimpact,2022,1,0,1,Switzerland,0,0,N/A,,,
881,deployimpact,2022,1,0,1,Switzerland,0,0,N/A,,,
882,deployimpact,2022,1,0,1,Switzerland,0,0,N/A,,,
883,deployimpact,2022,1,0,1,Switzerland,0,0,N/A,,,
884,deployimpact,2022,1,0,1,Switzerland,0,0,N/A,,,
885,deployimpact,2022,1,0,1,Switzerland,0,0,N/A,,,
886,deployimpact,2022,1,0,1,Switzerland,0,0,N/A,,,
887,deployimpact,2022,1,0,1,Switzerland,0,0,N/A,,,
888,deployimpact,2022,1,0,1,Switzerland,0,0,N/A,,,
889,deployimpact,2022,1,0,1,Switzerland,0,0,N/A,,,
890,deployimpact,2022,1,0,1,Switzerland,0,0,N/A,,,
891,deployimpact,2022,1,0,1,Switzerland,0,0,N/A,,,
892,deployimpact,2022,1,0,1,Switzerland,0,0,N/A,,,
893,deployimpact,2022,1,0,1,Switzerland,0,0,N/A,,,
894,deployimpact,2022,1,0,1,Switzerland,0,0,N/A,,,
895,deployimpact,2022,1,0,1,Switzerland,0,0,N/A,,,
896,deployimpact,2022,1,0,1,Switzerland,0,0,N/A,,,
897,deployimpact,2022,1,0,1,Switzerland,0,0,N/A,,,
898,deployimpact,2022,1,0,1,Switzerland,0,0,N/A,,,
899,deployimpact,2022,1,0,1,Switzerland,0,0,N/A,,,
900,deployimpact,2022,1,0,1,Switzerland,0,0,N/A,,,
901,deployimpact,2022,1,0,1,Switzerland,0,0,N/A,,,
902,deployimpact,2022,1,0,1,Switzerland,0,0,N/A,,,
903,deployimpact,2022,1,0,1,Switzerland,0,0,N/A,,,
904,deployimpact,2022,1,0,1,Switzerland,0,0,N/A,,,
905,deployimpact,2022,1,0,1,Switzerland,0,0,N/A,,,
906,deployimpact,2022,1,0,1,Switzerland,0,0,N/A,,,
907,deployimpact,2022,1,0,1,Switzerland,0,0,N/A,,,
908,deployimpact,2022,1,0,1,Switzerland,0,0,N/A,,,
909,deployimpact,2022,1,0,1,Switzerland,0,0,N/A,,,
910,deployimpact,2022,1,0,1,Switzerland,0,0,N/A,,,
911,deployimpact,2022,1,0,1,Switzerland,0,0,N/A,,,
912,deployimpact,2022,1,0,1,Switzerland,0,0,N/A,,,
913,deployimpact,2022,1,0,1,Switzerland,0,0,N/A,,,
914,deployimpact,2022,1,0,1,Switzerland,0,0,N/A,,,
915,deployimpact,2022,1,0,1,Switzerland,0,0,N/A,,,
916,deployimpact,2022,1,0,1,Switzerland,0,0,N/A,,,
917,deployimpact,2022,1,0,1,Switzerland,0,0,N/A,,,
918,deployimpact,2022,1,0,1,Switzerland,0,0,N/A,,,
919,deployimpact,2022,1,0,1,Switzerland,0,0,N/A,,,
920,deployimpact,2022,1,0,1,Switzerland,0,0,N/A,,,
921,deployimpact,2022,1,0,1,Switzerland,0,0,N/A,,,
922,deployimpact,2022,1,0,1,Switzerland,0,0,N/A,,,
923,deployimpact,2022,1,0,1,Switzerland,0,0,N/A,,,
924,deployimpact,2022,1,0,1,Switzerland,0,0,N/A,,,
925,deployimpact,2022,1,0,1,Switzerland,0,0,N/A,,,
926,deployimpact,2022,1,0,1,Switzerland,0,0,N/A,,,
927,deployimpact,2022,1,0,1,Switzerland,0,0,N/A,,,
928,deployimpact,2022,1,0,1,Switzerland,0,0,N/A,,,
929,deployimpact,2022,1,0,1,Switzerland,0,0,N/A,,,
930,deployimpact,2022,1,0,1,Switzerland,0,0,N/A,,,
931,deployimpact,2022,1,0,1,Switzerland,0,0,N/A,,,
932,deployimpact,2022,1,0,1,Switzerland,0,0,N/A,,,
933,deployimpact,2022,1,0,1,Switzerland,0,0,N/A,,,
934,deployimpact,2022,1,0,1,Switzerland,0,0,N/A,,,
935,deployimpact,2022,1,0,1,Switzerland,0,0,N/A,,,
936,deployimpact,2022,1,0,1,Switzerland,0,0,N/A,,,
937,deployimpact,2022,1,0,1,Switzerland,0,0,N/A,,,
938,deployimpact,2022,1,0,1,Switzerland,0,0,N/A,,,
939,deployimpact,2022,1,0,1,Switzerland,0,0,N/A,,,
940,deployimpact,2022,1,0,1,Switzerland,0,0,N/A,,,
941,deployimpact,2022,1,0,1,Switzerland,0,0,N/A,,,
942,deployimpact,2022,1,0,1,Switzerland,0,0,N/A,,,
943,deployimpact,2022,1,0,1,Switzerland,0,0,N/A,,,
944,deployimpact,2022,1,0,1,Switzerland,0,0,N/A,,,
945,deployimpact,2022,1,0,1,Switzerland,0,0,N/A,,,
946,deployimpact,2022,1,0,1,Switzerland,0,0,N/A,,,
947,deployimpact,2022,1,0,1,Switzerland,0,0,N/A,,,
948,deployimpact,2022,1,0,1,Switzerland,0,0,N/A,,,
949,deployimpact,2022,1,0,1,Switzerland,0,0,N/A,,,
950,deployimpact,2022,1,0,1,Switzerland,0,0,N/A,,,
951,deployimpact,2022,1,0,1,Switzerland,0,0,N/A,,,
952,deployimpact,2022,1,0,1,Switzerland,0,0,N/A,,,
953,deployimpact,2022,1,0,2,Switzerland,0,0,N/A,,,
954,deployimpact,2022,1,0,2,Switzerland,0,0,N/A,,,
955,deployimpact,2022,1,0,2,Switzerland,0,0,N/A,,,
956,deployimpact,2022,1,0,2,Switzerland,1,0,N/A,,,
957,deployimpact,2022,1,0,2,Switzerland,0,0,N/A,,,
958,deployimpact,2022,1,0,2,Switzerland,1,0,N/A,,,
959,deployimpact,2022,1,0,2,Switzerland,2,0,N/A,,,
960,deployimpact,2022,1,0,2,Switzerland,0,0,N/A,,,
961,deployimpact,2022,1,0,2,Switzerland,0,0,N/A,,,
962,deployimpact,2022,1,0,2,Switzerland,0,0,N/A,,,
963,deployimpact,2022,1,0,0,Switzerland,0,0,N/A,,,
964,deployimpact,2022,1,0,0,Switzerland,1,0,N/A,,,
965,deployimpact,2022,1,0,0,Switzerland,0,0,N/A,,,
966,deployimpact,2021,1,1,2,France,0,43,Team1,,,
967,deployimpact,2021,1,1,2,France,0,36,Team2,,,
968,deployimpact,2021,1,1,2,France,0,42,Team3,,,
969,deployimpact,2021,1,1,2,France,0,29,Team4,,,
970,deployimpact,2021,1,1,2,UK,0,29,Team5,,,
971,deployimpact,2021,1,1,2,UK,0,34,Team6,,,
972,deployimpact,2021,1,1,0,UK,0,51,Team7,,,
973,deployimpact,2021,1,1,0,Italy,0,44,Team8,,,
974,deployimpact,2021,1,1,1,Italy,0,45,Team9,,,
975,deployimpact,2021,1,1,1,Italy,1,47,Team10,,,
976,deployimpact,2021,1,1,1,Italy,0,55,Team11,,,
977,deployimpact,2021,1,1,1,Italy,0,68,Team12,,,
978,deployimpact,2021,1,1,1,Italy,0,32,Team13,,,
979,deployimpact,2021,1,1,1,Switzerland,0,36,Team14,,,
980,deployimpact,2021,1,1,1,Switzerland,1,77,Team15,,,
981,deployimpact,2021,1,1,1,Switzerland,1,39,Team16,,,
982,deployimpact,2021,1,1,1,Switzerland,1,24,Team17,,,
983,deployimpact,2021,1,1,1,Switzerland,1,43,Team1,,,
984,deployimpact,2021,1,1,1,Switzerland,1,30,Team2,,,
985,deployimpact,2021,1,1,1,Switzerland,1,63,Team3,,,
986,deployimpact,2021,1,1,1,Switzerland,0,47,Team4,,,
987,deployimpact,2021,1,1,1,Switzerland,0,43,Team5,,,
988,deployimpact,2021,1,1,1,Switzerland,0,54,Team6,,,
989,deployimpact,2021,1,1,1,Switzerland,0,67,Team7,,,
990,deployimpact,2021,1,1,1,Switzerland,0,53,Team8,,,
991,deployimpact,2021,1,1,1,Switzerland,0,33,Team9,,,
992,deployimpact,2021,1,1,1,Switzerland,0,38,Team10,,,
993,deployimpact,2021,1,1,1,Switzerland,0,35,Team11,,,
994,deployimpact,2021,1,1,1,Switzerland,0,38,Team12,,,
995,deployimpact,2021,1,1,1,Switzerland,0,34,Team13,,,
996,deployimpact,2021,1,1,1,Switzerland,0,48,Team14,,,
997,deployimpact,2021,1,1,1,Switzerland,0,43,Team15,,,
998,deployimpact,2021,1,1,1,Switzerland,0,66,Team16,,,
999,deployimpact,2021,1,1,1,Switzerland,0,17,Team17,,,
1000,deployimpact,2021,1,1,1,Switzerland,0,68,Team1,,,
1001,deployimpact,2021,1,1,1,Switzerland,0,47,Team2,,,
1002,deployimpact,2021,1,1,1,Switzerland,0,60,Team3,,,
1003,deployimpact,2021,1,1,1,Switzerland,0,59,Team4,,,
1004,deployimpact,2021,1,1,1,Switzerland,0,60,Team5,,,
1005,deployimpact,2021,1,1,1,Switzerland,0,44,Team6,,,
1006,deployimpact,2021,1,1,1,Switzerland,0,35,Team7,,,
1007,deployimpact,2021,1,1,1,Switzerland,0,61,Team8,,,
1008,deployimpact,2021,1,1,1,Switzerland,0,46,Team9,,,
1009,deployimpact,2021,1,1,1,Switzerland,0,44,Team10,,,
1010,deployimpact,2021,1,1,1,Switzerland,0,48,Team11,,,
1011,deployimpact,2021,1,1,1,Switzerland,0,27,Team12,,,
1012,deployimpact,2021,1,1,1,Switzerland,0,52,Team13,,,
1013,deployimpact,2021,1,1,1,Switzerland,0,35,Team14,,,
1014,deployimpact,2021,1,1,1,Switzerland,0,48,Team15,,,
1015,deployimpact,2021,1,1,1,Switzerland,0,51,Team16,,,
1016,deployimpact,2021,1,1,1,Switzerland,0,50,Team17,,,
1017,deployimpact,2021,1,1,1,Switzerland,0,31,Team1,,,
1018,deployimpact,2021,1,1,1,Switzerland,0,49,Team2,,,
1019,deployimpact,2021,1,1,1,Switzerland,0,64,Team3,,,
1020,deployimpact,2021,1,1,1,Switzerland,0,62,Team4,,,
1021,deployimpact,2021,1,1,1,Switzerland,0,40,Team5,,,
1022,deployimpact,2021,1,1,1,Switzerland,0,40,Team6,,,
1023,deployimpact,2021,1,1,1,Switzerland,0,43,Team7,,,
1024,deployimpact,2021,1,1,1,Switzerland,0,35,Team8,,,
1025,deployimpact,2021,1,1,1,Switzerland,0,27,Team9,,,
1026,deployimpact,2021,1,1,1,Switzerland,0,73,Team10,,,
1027,deployimpact,2021,1,1,1,Switzerland,0,54,Team11,,,
1028,deployimpact,2021,1,1,1,Switzerland,0,38,Team12,,,
1029,deployimpact,2021,1,1,1,Switzerland,0,45,Team13,,,
1030,deployimpact,2021,1,0,1,Switzerland,0,50,Team14,,,
1031,deployimpact,2021,1,0,1,Switzerland,0,0,N/A,,,
1032,deployimpact,2021,1,0,1,Switzerland,1,0,N/A,,,
1033,deployimpact,2021,1,0,1,Switzerland,1,0,N/A,,,
1034,deployimpact,2021,1,0,1,Switzerland,1,0,N/A,,,
1035,deployimpact,2021,1,0,1,Switzerland,1,0,N/A,,,
1036,deployimpact,2021,1,0,1,Switzerland,1,0,N/A,,,
1037,deployimpact,2021,1,0,1,Switzerland,1,0,N/A,,,
1038,deployimpact,2021,1,0,1,Switzerland,1,0,N/A,,,
1039,deployimpact,2021,1,0,1,Switzerland,1,0,N/A,,,
1040,deployimpact,2021,1,0,1,Switzerland,2,0,N/A,,,
1041,deployimpact,2021,1,0,1,Switzerland,2,0,N/A,,,
1042,deployimpact,2021,1,0,1,Switzerland,0,0,N/A,,,
1043,deployimpact,2021,1,0,1,Switzerland,0,0,N/A,,,
1044,deployimpact,2021,1,0,1,Switzerland,0,0,N/A,,,
1045,deployimpact,2021,1,0,1,Switzerland,0,0,N/A,,,
1046,deployimpact,2021,1,0,1,Switzerland,0,0,N/A,,,
1047,deployimpact,2021,1,0,1,Switzerland,0,0,N/A,,,
1048,deployimpact,2021,1,0,1,Switzerland,0,0,N/A,,,
1049,deployimpact,2021,1,0,1,Switzerland,0,0,N/A,,,
1050,deployimpact,2021,1,0,1,Switzerland,0,0,N/A,,,
1051,deployimpact,2021,1,0,1,Switzerland,0,0,N/A,,,
1052,deployimpact,2021,1,0,1,Switzerland,0,0,N/A,,,
1053,deployimpact,2021,1,0,1,Switzerland,0,0,N/A,,,
1054,deployimpact,2021,1,0,1,Switzerland,0,0,N/A,,,
1055,deployimpact,2021,1,0,1,Switzerland,0,0,N/A,,,
1056,deployimpact,2021,1,0,1,Switzerland,0,0,N/A,,,
1057,deployimpact,2021,1,0,1,Switzerland,0,0,N/A,,,
1058,deployimpact,2021,1,0,1,Germany,0,0,N/A,,,
1059,deployimpact,2021,1,0,1,Germany,1,0,N/A,,,
1060,deployimpact,2021,1,0,1,Germany,0,0,N/A,,,
1061,deployimpact,2021,1,0,1,Germany,0,0,N/A,,,
1062,deployimpact,2021,1,0,2,Germany,0,0,N/A,,,
1063,deployimpact,2021,1,0,2,Germany,0,0,N/A,,,
1064,deployimpact,2021,1,0,1,Germany,0,0,N/A,,,
1065,deployimpact,2021,1,0,1,Germany,1,0,N/A,,,
1066,deployimpact,2021,1,0,1,Germany,0,0,N/A,,,
1067,deployimpact,2021,1,0,1,Germany,0,0,N/A,,,
1068,deployimpact,2021,1,0,1,Germany,0,0,N/A,,,
1069,deployimpact,2021,1,0,1,France,0,0,N/A,,,
1070,deployimpact,2021,1,0,2,France,0,0,N/A,,,
1071,deployimpact,2021,1,0,1,France,0,0,N/A,,,
1072,deployimpact,2021,1,0,1,France,0,0,N/A,,,
1073,deployimpact,2021,1,0,1,Other,0,0,N/A,,,
1074,deployimpact,2021,1,0,1,Other,0,0,N/A,,,
1075,deployimpact,2021,1,0,1,Other,0,0,N/A,,,
1076,deployimpact,2021,1,0,2,Other,0,0,N/A,,,
1077,deployimpact,2021,1,0,2,France,0,0,N/A,,,
1078,deployimpact,2021,1,0,2,France,0,0,N/A,,,
1079,deployimpact,2021,1,0,2,Italy,0,0,N/A,,,
1080,deployimpact,2021,1,0,2,Italy,0,0,N/A,,,
1081,deployimpact,2021,1,0,2,Other,0,0,N/A,,,
1082,deployimpact,2021,1,0,2,Switzerland,0,0,N/A,,,
1083,deployimpact,2021,1,0,2,Switzerland,0,0,N/A,,,
1084,deployimpact,2021,1,0,2,Switzerland,0,0,N/A,,,
1085,deployimpact,2021,1,0,2,Switzerland,0,0,N/A,,,